{
  "ie": {
    "6": 0.00021246328972363354,
    "7": 0.035307535783163826,
    "8": 0.015046263881337322,
    "9": 0.06082244539452018,
    "10": 0.0015065578725857653,
    "11": 3.725466525925833,
    "5.5": 0
  },
  "edge": {
    "12": 0.012110407514247112,
    "13": 0.01075836839782399,
    "14": 0.0331249583523665,
    "15": 0.04162348994131185,
    "16": 0.11882492348907214,
    "17": 2.1766864032186257,
    "18": 6.4907535010570045,
    "76": 0
  },
  "firefox": {
    "2": 0,
    "3": 0,
    "4": 0,
    "5": 0,
    "6": 0,
    "7": 0,
    "8": 0,
    "9": 0,
    "10": 0,
    "11": 0,
    "12": 0,
    "13": 0.0000965742226016516,
    "14": 0,
    "15": 0,
    "16": 0,
    "17": 0,
    "18": 0,
    "19": 0,
    "20": 0,
    "21": 0,
    "22": 0,
    "23": 0,
    "24": 0.0000965742226016516,
    "25": 0,
    "26": 0,
    "27": 0,
    "28": 0,
    "29": 0.00005794453356099097,
    "30": 0,
    "31": 0,
    "32": 0,
    "33": 0.00005794453356099097,
    "34": 0,
    "35": 0.1741040085062575,
    "36": 0.00005794453356099097,
    "37": 0,
    "38": 0.0001545187561626426,
    "39": 0.00005794453356099097,
    "40": 0.00021246328972363354,
    "41": 0,
    "42": 0,
    "43": 0.00036698204588627613,
    "44": 0.0000965742226016516,
    "45": 0.0024143555650412906,
    "46": 0,
    "47": 0.0008305383143742039,
    "48": 0.008228123765660718,
    "49": 0.0010430016040978373,
    "50": 0.0009850570705368464,
    "51": 0.0020087438301143535,
    "52": 0.08925389652844642,
    "53": 0.0003090375123252852,
    "54": 0.00046355626848792775,
    "55": 0.0000965742226016516,
    "56": 0.0074555299848475046,
    "57": 0.010565219952620686,
    "58": 0.003186949345854503,
    "59": 0.000714649247252222,
    "60": 0.19826687900119075,
    "61": 0.008807569101270627,
    "62": 0.007474844829367835,
    "63": 0.012091092669726782,
    "64": 0.014061206810800475,
    "65": 0.020106753145663864,
    "66": 0.10039856181667701,
    "67": 0.32062641903748335,
    "68": 1.7931515355784264,
    "69": 0.8974835654816687,
    "70": 0.001912169607512702,
    "71": 0.00021246328972363354,
    "3.5": 0,
    "3.6": 0
  },
  "chrome": {
    "4": 0,
    "5": 0,
    "6": 0,
    "7": 0,
    "8": 0,
    "9": 0,
    "10": 0,
    "11": 0.0013327242719027921,
    "12": 0.00005794453356099097,
    "13": 0,
    "14": 0,
    "15": 0,
    "16": 0,
    "17": 0,
    "18": 0.00005794453356099097,
    "19": 0,
    "20": 0,
    "21": 0,
    "22": 0,
    "23": 0,
    "24": 0,
    "25": 0,
    "26": 0.0001545187561626426,
    "27": 0,
    "28": 0.00005794453356099097,
    "29": 0,
    "30": 0,
    "31": 0.0003090375123252852,
    "32": 0.00005794453356099097,
    "33": 0,
    "34": 0,
    "35": 0,
    "36": 0.004577618151318286,
    "37": 0.0008305383143742039,
    "38": 0.0002510929787642942,
    "39": 0.004075432193789698,
    "40": 0.0008691680034148646,
    "41": 0.0006760195582115613,
    "42": 0.002163262586276996,
    "43": 0.00011588906712198194,
    "44": 0.001023686759577507,
    "45": 0.003824339215025404,
    "46": 0,
    "47": 0.0002704078232846245,
    "48": 0.00059876018013024,
    "49": 0.12220502128012994,
    "50": 0.0022791516533989782,
    "51": 0.003341468102017146,
    "52": 0.00011588906712198194,
    "53": 0.0009464273814961859,
    "54": 0.0024723000986022815,
    "55": 0.006953344027318916,
    "56": 0.017924175714866538,
    "57": 0.23079307717342704,
    "58": 0.033279477108529146,
    "59": 0.00477076659652159,
    "60": 0.012438759871092726,
    "61": 0.014505448234768072,
    "62": 0.02437533378465687,
    "63": 0.10176991577762046,
    "64": 0.01626309908611813,
    "65": 0.13068423802455495,
    "66": 0.03219784581539065,
    "67": 0.18814590047253768,
    "68": 0.05309650758638806,
    "69": 0.13367803892520616,
    "70": 0.08664639251820183,
    "71": 0.12270720723765854,
    "72": 0.20077780878883372,
    "73": 0.4310300703156915,
    "74": 1.1577510953931198,
    "75": 15.826757433559349,
    "76": 23.456217593312427,
    "77": 4.337302855796336,
    "78": 0.04942668712752529,
    "79": 0.004848025974602911,
    "80": 0
  },
  "safari": {
    "4": 0,
    "5": 0,
    "6": 0.00005794453356099097,
    "7": 0.0008691680034148646,
    "8": 0.007262381539644202,
    "9": 0.014679281835451046,
    "10": 0.052768155229542445,
    "11": 0.1466382995983478,
    "12": 0.8544887215794136,
    "13": 0.2953819172494116,
    "3.1": 0,
    "3.2": 0,
    "5.1": 0.0005601304910895793,
    "6.1": 0,
    "7.1": 0,
    "9.1": 0.050276540286419834,
    "10.1": 0.2941071375110698,
    "11.1": 0.656820602758353,
    "12.1": 5.318825309785963,
    "TP": 0
  },
  "opera": {
    "9": 0,
    "11": 0,
    "12": 0,
    "15": 0,
    "16": 0,
    "17": 0,
    "18": 0,
    "19": 0,
    "20": 0,
    "21": 0,
    "22": 0,
    "23": 0,
    "24": 0,
    "25": 0,
    "26": 0,
    "27": 0,
    "28": 0,
    "29": 0,
    "30": 0.0005215008020489186,
    "31": 0,
    "32": 0,
    "33": 0,
    "34": 0,
    "35": 0,
    "36": 0,
    "37": 0,
    "38": 0,
    "39": 0,
    "40": 0,
    "41": 0.00005794453356099097,
    "42": 0,
    "43": 0,
    "44": 0,
    "45": 0,
    "46": 0,
    "47": 0.00005794453356099097,
    "48": 0,
    "49": 0,
    "50": 0,
    "51": 0,
    "52": 0,
    "53": 0.0013906688054637832,
    "54": 0,
    "55": 0,
    "56": 0,
    "57": 0,
    "58": 0.00005794453356099097,
    "60": 0.018464991361435788,
    "62": 0.06966864418483147,
    "9.5-9.6": 0,
    "10.0-10.1": 0,
    "10.5": 0,
    "10.6": 0,
    "11.1": 0,
    "11.5": 0,
    "11.6": 0,
    "12.1": 0.00005794453356099097
  },
  "ios_saf": {
    "8": 0.00046355626848792775,
    "13": 0.2813013955940908,
    "3.2": 0,
    "4.0-4.1": 0,
    "4.2-4.3": 0.00005794453356099097,
    "5.0-5.1": 0.0003090375123252852,
    "6.0-6.1": 0.0017576508513500594,
    "7.0-7.1": 0.007648678430050808,
    "8.1-8.4": 0.004268580638993001,
    "9.0-9.2": 0.006914714338278256,
    "9.3": 0.05097187468915172,
    "10.0-10.2": 0.05124228251243635,
    "10.3": 0.2114782326530967,
    "11.0-11.2": 0.3409456354728709,
    "11.3-11.4": 0.5628731990114663,
    "12.0-12.1": 1.1182522383490443,
    "12.2-12.3": 8.077545237780221
  },
  "op_mini": {
    "all": 0.01549050530530492
  },
  "android": {
    "3": 0.00005794453356099097,
    "4": 0.00046355626848792775,
    "76": 0.23114074437479296,
    "2.1": 0,
    "2.2": 0.00005794453356099097,
    "2.3": 0,
    "4.1": 0,
    "4.2-4.3": 0.00011588906712198194,
    "4.4": 0.0002510929787642942,
    "4.4.3-4.4.4": 0
  },
  "bb": {
    "7": 0,
    "10": 0
  },
  "op_mob": {
    "10": 0.001680391473268738,
    "11": 0.001680391473268738,
    "12": 0.001680391473268738,
    "46": 0.001680391473268738,
    "11.1": 0.001680391473268738,
    "11.5": 0.001680391473268738,
    "12.1": 0.001680391473268738
  },
  "and_chr": {
    "76": 7.242912176367708
  },
  "and_ff": {
    "68": 0.08164384778743627
  },
  "ie_mob": {
    "10": 0,
    "11": 0
  },
  "and_uc": {
    "12.12": 0.01925689998676933
  },
  "samsung": {
    "4": 0,
    "5.0-5.4": 0,
    "6.2-6.4": 0,
    "7.2-7.4": 0,
    "8.2": 0,
    "9.2": 0
  },
  "and_qq": {
    "1.2": 0
  },
  "baidu": {
    "7.12": 0
  },
  "kaios": {
    "2.5": 0
  }
}