{
  "ie": {
    "6": 0,
    "7": 0.014578478925444062,
    "8": 0,
    "9": 0.0000665683969198359,
    "10": 0.004837303509508075,
    "11": 1.1442219851894193,
    "5.5": 0
  },
  "edge": {
    "12": 0.0005769261066385778,
    "13": 0.0009319575568777024,
    "14": 0.0019526729763151864,
    "15": 0.014689426253643788,
    "16": 0.02982264182008648,
    "17": 0.07726371935828953,
    "18": 2.35270466287212,
    "79": 0.0004659787784388512,
    "80": 0.007100629004782495,
    "81": 0.17489736817404886,
    "83": 0.063683766386643,
    "84": 2.4158336926177646,
    "85": 3.589501098711391,
    "86": 1.0662703923962913
  },
  "firefox": {
    "2": 0,
    "3": 0,
    "4": 0.0005103577097187419,
    "5": 0,
    "6": 0,
    "7": 0,
    "8": 0,
    "9": 0,
    "10": 0,
    "11": 0,
    "12": 0,
    "13": 0,
    "14": 0,
    "15": 0,
    "16": 0,
    "17": 0,
    "18": 0,
    "19": 0,
    "20": 0,
    "21": 0,
    "22": 0,
    "23": 0,
    "24": 0,
    "25": 0.0000665683969198359,
    "26": 0,
    "27": 0,
    "28": 0,
    "29": 0,
    "30": 0,
    "31": 0.00011094732819972649,
    "32": 0,
    "33": 0,
    "34": 0,
    "35": 0.00443789312798906,
    "36": 0,
    "37": 0,
    "38": 0,
    "39": 0,
    "40": 0.0005325471753586872,
    "41": 0.00022189465639945298,
    "42": 0.00019970519075950766,
    "43": 0,
    "44": 0.0000665683969198359,
    "45": 0.0003328419845991795,
    "46": 0.0006878734348383042,
    "47": 0.0007544418317581401,
    "48": 0.008431996943179212,
    "49": 0.0000665683969198359,
    "50": 0.0002440841220393983,
    "51": 0.0023520833578342015,
    "52": 0.009452712362616697,
    "53": 0.0002884630533192889,
    "54": 0.0000665683969198359,
    "55": 0.0001775157251195624,
    "56": 0.006102103050984957,
    "57": 0.0006878734348383042,
    "58": 0.0009763364881575932,
    "59": 0.0000665683969198359,
    "60": 0.007477849920661565,
    "61": 0.0006878734348383042,
    "62": 0.0001331367938396718,
    "63": 0.002818062136273053,
    "64": 0.0005991155722785231,
    "65": 0.0025961674798736,
    "66": 0.002906819998832834,
    "67": 0.0004659787784388512,
    "68": 0.14809249368099492,
    "69": 0.0007100629004782496,
    "70": 0.001863915113755405,
    "71": 0.004215998471589606,
    "72": 0.015199783963362528,
    "73": 0.0007544418317581401,
    "74": 0.016486772970479357,
    "75": 0.005436419081786598,
    "76": 0.028247189759650366,
    "77": 0.029378852507287577,
    "78": 0.2891953056854071,
    "79": 0.7511577908434283,
    "80": 0.8533624695810162,
    "81": 0.6608244762232109,
    "82": 0.06841012256795136,
    "83": 0.0014423152665964444,
    "3.5": 0,
    "3.6": 0.0000665683969198359
  },
  "chrome": {
    "4": 0,
    "5": 0,
    "6": 0,
    "7": 0,
    "8": 0,
    "9": 0,
    "10": 0,
    "11": 0,
    "12": 0,
    "13": 0,
    "14": 0,
    "15": 0,
    "16": 0,
    "17": 0.0005769261066385778,
    "18": 0,
    "19": 0,
    "20": 0,
    "21": 0,
    "22": 0,
    "23": 0,
    "24": 0,
    "25": 0,
    "26": 0,
    "27": 0,
    "28": 0.0000665683969198359,
    "29": 0,
    "30": 0,
    "31": 0,
    "32": 0,
    "33": 0.0000665683969198359,
    "34": 0.0000665683969198359,
    "35": 0,
    "36": 0,
    "37": 0.0010872838163573197,
    "38": 0.0000665683969198359,
    "39": 0.00022189465639945298,
    "40": 0,
    "41": 0,
    "42": 0,
    "43": 0.0000665683969198359,
    "44": 0.0000665683969198359,
    "45": 0.0003550314502391248,
    "46": 0.0000665683969198359,
    "47": 0.0003994103815190153,
    "48": 0.00022189465639945298,
    "49": 0.024585927929059392,
    "50": 0,
    "51": 0.0005325471753586872,
    "52": 0.0003550314502391248,
    "53": 0.0017529677855556785,
    "54": 0.0003328419845991795,
    "55": 0.0006434945035584137,
    "56": 0.0007322523661181949,
    "57": 0.0023298938921942564,
    "58": 0.011250059079452266,
    "59": 0.001331367938396718,
    "60": 0.07830662424336696,
    "61": 0.0011760416789171008,
    "62": 0.019238266709832575,
    "63": 0.034282724413715486,
    "64": 0.0663243127977965,
    "65": 0.07755218241160881,
    "66": 0.0070340606078626595,
    "67": 0.051546128681592925,
    "68": 0.037677712656627116,
    "69": 0.00892016518725801,
    "70": 0.10524463553026056,
    "71": 0.039852280289341756,
    "72": 0.11332160102320064,
    "73": 0.02791434777505119,
    "74": 0.10504493033950105,
    "75": 0.09084367232993605,
    "76": 0.08483032714151087,
    "77": 0.07824005584644712,
    "78": 0.14755994650563622,
    "79": 0.40038671800717296,
    "80": 0.451089646994448,
    "81": 0.34564530627342793,
    "83": 2.736205197527295,
    "84": 20.43172711927703,
    "85": 23.248213803489648,
    "86": 5.911761814725507,
    "87": 0.004903871906427911,
    "88": 0.0003550314502391248,
    "89": 0
  },
  "safari": {
    "4": 0,
    "5": 0,
    "6": 0,
    "7": 0.0001775157251195624,
    "8": 0.0014645047322363897,
    "9": 0.0004215998471589607,
    "10": 0.0036168828993110836,
    "11": 0.028069674034530805,
    "12": 0.15350672329714157,
    "13": 0.5898847545723058,
    "14": 1.5553705940319658,
    "3.1": 0,
    "3.2": 0,
    "5.1": 0.0008653891599578666,
    "6.1": 0.0001775157251195624,
    "7.1": 0,
    "9.1": 0.015399489154122037,
    "10.1": 0.08365428546259378,
    "11.1": 0.2704452072196533,
    "12.1": 0.6320447392882018,
    "13.1": 6.739362314698546,
    "TP": 0
  },
  "opera": {
    "9": 0,
    "11": 0,
    "12": 0,
    "15": 0,
    "16": 0,
    "17": 0,
    "18": 0,
    "19": 0,
    "20": 0,
    "21": 0,
    "22": 0,
    "23": 0,
    "24": 0,
    "25": 0,
    "26": 0,
    "27": 0,
    "28": 0,
    "29": 0,
    "30": 0,
    "31": 0,
    "32": 0,
    "33": 0,
    "34": 0,
    "35": 0,
    "36": 0,
    "37": 0,
    "38": 0,
    "39": 0,
    "40": 0,
    "41": 0,
    "42": 0,
    "43": 0,
    "44": 0,
    "45": 0,
    "46": 0,
    "47": 0,
    "48": 0,
    "49": 0,
    "50": 0,
    "51": 0.0000665683969198359,
    "52": 0,
    "53": 0,
    "54": 0,
    "55": 0,
    "56": 0,
    "57": 0.0000665683969198359,
    "58": 0,
    "60": 0,
    "62": 0,
    "63": 0.0000665683969198359,
    "64": 0,
    "65": 0,
    "66": 0.0000665683969198359,
    "67": 0.0004881682440787966,
    "68": 0.015732331138721217,
    "69": 0.00829886014933954,
    "70": 0.019926140144670878,
    "71": 0.016442394039199466,
    "9.5-9.6": 0,
    "10.0-10.1": 0,
    "10.5": 0,
    "10.6": 0,
    "11.1": 0,
    "11.5": 0,
    "11.6": 0,
    "12.1": 0.0000665683969198359
  },
  "ios_saf": {
    "8": 0,
    "14": 2.3265654723482645,
    "3.2": 0,
    "4.0-4.1": 0,
    "4.2-4.3": 0,
    "5.0-5.1": 0,
    "6.0-6.1": 0,
    "7.0-7.1": 0.0008875786255978119,
    "8.1-8.4": 0.0005547366409986325,
    "9.0-9.2": 0.0028402516019129984,
    "9.3": 0.014844752513123406,
    "10.0-10.2": 0.00372783022751081,
    "10.3": 0.04588781494340688,
    "11.0-11.2": 0.019327024572392354,
    "11.3-11.4": 0.05460827493990538,
    "12.0-12.1": 0.1203112826997834,
    "12.2-12.4": 0.4545290141686395,
    "13.0-13.1": 0.14840314619995415,
    "13.2": 0.09208628240577299,
    "13.3": 0.6738496925538588,
    "13.4-13.7": 11.222987931371534
  },
  "op_mini": {
    "all": 0.009829933278495767
  },
  "android": {
    "3": 0.00011094732819972649,
    "4": 0,
    "81": 0.1130109485042414,
    "2.1": 0,
    "2.2": 0.0000665683969198359,
    "2.3": 0.0003994103815190153,
    "4.1": 0.0004659787784388512,
    "4.2-4.3": 0.0000665683969198359,
    "4.4": 0.0000665683969198359,
    "4.4.3-4.4.4": 0
  },
  "bb": {
    "7": 0,
    "10": 0
  },
  "op_mob": {
    "10": 0.0018861045793953503,
    "11": 0.0018861045793953503,
    "12": 0.0018861045793953503,
    "59": 0.0018861045793953503,
    "11.1": 0.0018861045793953503,
    "11.5": 0.0018861045793953503,
    "12.1": 0.0018861045793953503
  },
  "and_chr": {
    "85": 5.0409806146171325
  },
  "and_ff": {
    "79": 0.05516301158090401
  },
  "ie_mob": {
    "10": 0,
    "11": 0
  },
  "and_uc": {
    "12.12": 0.004704166715668403
  },
  "samsung": {
    "4": 0.0001775157251195624,