{
  "ie": {
    "6": 0.000044675865427358156,
    "7": 0.14413923382379987,
    "8": 0.005331319940998074,
    "9": 0.07794449321559753,
    "10": 0.0047356417352999655,
    "11": 5.123368679388864,
    "5.5": 0
  },
  "edge": {
    "12": 0.052389898191148664,
    "13": 0.028488310187512054,
    "14": 0.6827663593711724,
    "15": 0.1884428003725967,
    "16": 0.5427819810321167,
    "17": 7.070685409681408,
    "18": 0.1346828423083424
  },
  "firefox": {
    "2": 0,
    "3": 0,
    "4": 0,
    "5": 0,
    "6": 0,
    "7": 0,
    "8": 0,
    "9": 0,
    "10": 0,
    "11": 0.000044675865427358156,
    "12": 0.00035740692341886524,
    "13": 0.000044675865427358156,
    "14": 0,
    "15": 0,
    "16": 0,
    "17": 0,
    "18": 0,
    "19": 0.000044675865427358156,
    "20": 0,
    "21": 0,
    "22": 0,
    "23": 0.0004914345197009397,
    "24": 0.00010424368599716903,
    "25": 0,
    "26": 0.00019359541685188539,
    "27": 0.0016976828862396102,
    "28": 0.000044675865427358156,
    "29": 0,
    "30": 0,
    "31": 0.00017870346170943262,
    "32": 0.0001489195514245272,
    "33": 0,
    "34": 0.0011020046805415012,
    "35": 0.3410704486275946,
    "36": 0,
    "37": 0.000044675865427358156,
    "38": 0.00044675865427358156,
    "39": 0.000536110385128298,
    "40": 0.0006403540711254669,
    "41": 0.00019359541685188539,
    "42": 0.003037958849060355,
    "43": 0.006969435006667873,
    "44": 0.0009381931739745213,
    "45": 0.0037974485613254433,
    "46": 0.0005956782056981088,
    "47": 0.010245665138007471,
    "48": 0.027684144609819605,
    "49": 0.002665659970499037,
    "50": 0.012449674499090475,
    "51": 0.006463108531824481,
    "52": 0.17938849164598544,
    "53": 0.002442280643362246,
    "54": 0.02917334012406488,
    "55": 0.0012360322768235758,
    "56": 0.031019942561729016,
    "57": 0.00826503510406126,
    "58": 0.010052069721155585,
    "59": 0.05645540194503826,
    "60": 0.16941088170054214,
    "61": 0.6151122071590096,
    "62": 1.5737669274992612,
    "63": 1.228675650983204,
    "64": 0.0017423587516669683,
    "65": 0.000044675865427358156,
    "3.5": 0,
    "3.6": 0
  },
  "chrome": {
    "4": 0,
    "5": 0,
    "6": 0,
    "7": 0,
    "8": 0,
    "9": 0,
    "10": 0,
    "11": 0,
    "12": 0,
    "13": 0,
    "14": 0,
    "15": 0,
    "16": 0,
    "17": 0,
    "18": 0,
    "19": 0,
    "20": 0,
    "21": 0,
    "22": 0,
    "23": 0.00019359541685188539,
    "24": 0,
    "25": 0.000044675865427358156,
    "26": 0,
    "27": 0,
    "28": 0.000044675865427358156,
    "29": 0.000536110385128298,
    "30": 0,
    "31": 0,
    "32": 0.00023827128227924351,
    "33": 0.0009977609945443322,
    "34": 0.00044675865427358156,
    "35": 0.0009530851291169741,
    "36": 0.001489195514245272,
    "37": 0.00023827128227924351,
    "38": 0.002084873719943381,
    "39": 0.001980630033946212,
    "40": 0.0014743035591028193,
    "41": 0.000536110385128298,
    "42": 0.015055766649019699,
    "43": 0.0009381931739745213,
    "44": 0.001593439200242441,
    "45": 0.0025316323742169623,
    "46": 0.0018763863479490427,
    "47": 0.002665659970499037,
    "48": 0.0031273105799150716,
    "49": 0.28973787925156014,
    "50": 0.006254621159830143,
    "51": 0.009560635201454646,
    "52": 0.01380484241705367,
    "53": 0.005331319940998074,
    "54": 0.00552491535784996,
    "55": 0.14029710939704707,
    "56": 0.035055662405333705,
    "57": 0.12248633104667361,
    "58": 0.18141379754535902,
    "59": 0.025912001947867736,
    "60": 0.01006696167629804,
    "61": 0.054355636269952434,
    "62": 0.0342068209622139,
    "63": 0.3580919533554181,
    "64": 0.18519635415154204,
    "65": 0.1703341829193742,
    "66": 0.3271762544796863,
    "67": 2.3543883241114902,
    "68": 9.28227477593192,
    "69": 16.69346473994551,
    "70": 17.693950962280912,
    "71": 0.03297078868539032,
    "72": 0.008294819014346165,
    "73": 0
  },
  "safari": {
    "4": 0.000044675865427358156,
    "5": 0.0005956782056981088,
    "6": 0.0017423587516669683,
    "7": 0.002129549585370739,
    "8": 0.022412392489391343,
    "9": 0.02195074187997531,
    "10": 0.14979817677793192,
    "11": 0.6344121810236283,
    "12": 3.633443459341612,
    "3.1": 0,
    "3.2": 0,
    "5.1": 0.01104983071569992,
    "6.1": 0.003335797951909409,
    "7.1": 0,
    "9.1": 0.2321655806708379,
    "10.1": 0.7670846093877396,
    "11.1": 3.519341299040139,
    "TP": 0
  },
  "opera": {
    "9": 0,
    "11": 0,
    "12": 0,
    "15": 0,
    "16": 0,
    "17": 0,
    "18": 0,
    "19": 0,
    "20": 0,
    "21": 0,
    "22": 0,
    "23": 0,
    "24": 0,
    "25": 0,
    "26": 0,
    "27": 0,
    "28": 0,
    "29": 0,
    "30": 0,
    "31": 0,
    "32": 0,
    "33": 0,
    "34": 0,
    "35": 0,
    "36": 0,
    "37": 0,
    "38": 0,
    "39": 0,
    "40": 0.00019359541685188539,
    "41": 0,
    "42": 0,
    "43": 0,
    "44": 0,
    "45": 0,
    "46": 0,
    "47": 0,
    "48": 0,
    "49": 0,
    "50": 0,
    "51": 0,
    "52": 0.000044675865427358156,
    "53": 0.0001489195514245272,
    "54": 0.015189794245301773,
    "55": 0.07938901286441545,
    "56": 0.09341723460860592,
    "9.5-9.6": 0,
    "10.0-10.1": 0.000044675865427358156,
    "10.5": 0,
    "10.6": 0,
    "11.1": 0,
    "11.5": 0,
    "11.6": 0,
    "12.1": 0.00010424368599716903
  },
  "ios_saf": {
    "8": 0.0001340275962820745,
    "12": 4.974449127964337,
    "3.2": 0,
    "4.0-4.1": 0,
    "4.2-4.3": 0.002129549585370739,
    "5.0-5.1": 0.0005807862505556561,
    "6.0-6.1": 0.004586722183875438,
    "7.0-7.1": 0.013432543538492353,
    "8.1-8.4": 0.013760166551626313,
    "9.0-9.2": 0.01521957815558668,
    "9.3": 0.13626138955344239,
    "10.0-10.2": 0.2441982804259397,
    "10.3": 0.5999075209585654,
    "11.0-11.2": 1.603014727399038,
    "11.3-11.4": 7.7995423702184725
  },
  "op_mini": {
    "all": 0.0175129392475244
  },
  "android": {
    "3": 0.00010424368599716903,
    "4": 0.00008935173085471631,
    "67": 0.13317875483895467,
    "2.1": 0,
    "2.2": 0.00010424368599716903,
    "2.3": 0.00019359541685188539,
    "4.1": 0.000044675865427358156,
    "4.2-4.3": 0.0012956000973933866,
    "4.4": 0.0019955219890886644,
    "4.4.3-4.4.4": 0
  },
  "bb": {
    "7": 0.00008935173085471631,
    "10": 0.0028890392976358274
  },
  "op_mob": {
    "10": 0.0032911220864820507,
    "11": 0.0032911220864820507,
    "12": 0.0032911220864820507,
    "46": 0.0032911220864820507,
    "11.1": 0.0032911220864820507,
    "11.5": 0.0032911220864820507,
    "12.1": 0.0032911220864820507
  },
  "and_chr": {
    "70": 5.899582057278927
  },
  "and_ff": {
    "63": 0.0747427228599702
  },
  "ie_mob": {
    "10": 0,
    "11": 0
  },
  "and_uc": {
    "11.8": 0.01073709965770841
  },
  "samsung": {
    "4": 0,
    "5": 0,
    "6.2": 0,
    "7.2": 0
  },
  "and_qq": {
    "1.2": 0
  },
  "baidu": {
    "7.12": 0
  }
}