{
  "ie": {
    "6": 0,
    "7": 0.027220465314361408,
    "8": 0.012377706771077635,
    "9": 0.004720311904224522,
    "10": 0.0017482636682313044,
    "11": 1.6401335603511984,
    "5.5": 0
  },
  "edge": {
    "12": 0.0008042012873864,
    "13": 0.008042012873864001,
    "14": 0.029248451169509724,
    "15": 0.014510588446319826,
    "16": 0.052780080143903084,
    "17": 0.19594539193536462,
    "18": 6.5370026124304,
    "79": 0.0077448080502646776,
    "80": 0.6950921518520843,
    "81": 0.6150741237571375
  },
  "firefox": {
    "2": 0,
    "3": 0,
    "4": 0,
    "5": 0,
    "6": 0,
    "7": 0,
    "8": 0,
    "9": 0,
    "10": 0,
    "11": 0,
    "12": 0,
    "13": 0,
    "14": 0,
    "15": 0,
    "16": 0,
    "17": 0,
    "18": 0,
    "19": 0,
    "20": 0,
    "21": 0,
    "22": 0,
    "23": 0,
    "24": 0.00005244791004693913,
    "25": 0,
    "26": 0,
    "27": 0,
    "28": 0,
    "29": 0.00005244791004693913,
    "30": 0,
    "31": 0.00034965273364626087,
    "32": 0,
    "33": 0.0006993054672925217,
    "34": 0,
    "35": 0.10486085482051363,
    "36": 0,
    "37": 0,
    "38": 0.002832187142534713,
    "39": 0.0004545485537401391,
    "40": 0,
    "41": 0.00022727427687006956,
    "42": 0.0005244791004693913,
    "43": 0.00047203119042245215,
    "44": 0.0001223784567761913,
    "45": 0.0006993054672925217,
    "46": 0,
    "47": 0.00022727427687006956,
    "48": 0.0070979504930190965,
    "49": 0.0001223784567761913,
    "50": 0.00022727427687006956,
    "51": 0.0008566491974333392,
    "52": 0.03358414506672336,
    "53": 0.0021328816752421913,
    "54": 0.002360155952112261,
    "55": 0,
    "56": 0.0020105032184660004,
    "57": 0.0008741318341156522,
    "58": 0.0004545485537401391,
    "59": 0.008199356604004818,
    "60": 0.050280063098332314,
    "61": 0.010576995192799392,
    "62": 0.0010314755642564697,
    "63": 0.003461562063097983,
    "64": 0.0006818228306102088,
    "65": 0.0038986279801558085,
    "66": 0.01762249777577155,
    "67": 0.002832187142534713,
    "68": 0.11092732974927627,
    "69": 0.010332238279247008,
    "70": 0.011730849213832053,
    "71": 0.06587457501895555,
    "72": 0.4211042697668743,
    "73": 0.7854773834996427,
    "74": 0.8727157405443848,
    "75": 0.6218923520632396,
    "76": 0.09884682780179795,
    "77": 0,
    "78": 0,
    "3.5": 0,
    "3.6": 0
  },
  "chrome": {
    "4": 0,
    "5": 0,
    "6": 0,
    "7": 0,
    "8": 0,
    "9": 0,
    "10": 0,
    "11": 0,
    "12": 0,
    "13": 0,
    "14": 0,
    "15": 0,
    "16": 0,
    "17": 0,
    "18": 0,
    "19": 0,
    "20": 0,
    "21": 0,
    "22": 0,
    "23": 0,
    "24": 0,
    "25": 0,
    "26": 0,
    "27": 0,
    "28": 0,
    "29": 0.00029720482359932174,
    "30": 0.00005244791004693913,
    "31": 0,
    "32": 0,
    "33": 0,
    "34": 0,
    "35": 0.0004021006436932,
    "36": 0.0006993054672925217,
    "37": 0.0006293749205632695,
    "38": 0,
    "39": 0.0009265797441625913,
    "40": 0,
    "41": 0.0001223784567761913,
    "42": 0,
    "43": 0.0005069964637870783,
    "44": 0,
    "45": 0.00027972218691700866,
    "46": 0,
    "47": 0.0002097916401877565,
    "48": 0.0005769270105163305,
    "49": 0.02832187142534713,
    "50": 0.0001223784567761913,
    "51": 0.0024126038621592,
    "52": 0.00010489582009387825,
    "53": 0.002325190678747635,
    "54": 0.0009790276542095305,
    "55": 0.0005769270105163305,
    "56": 0.0009265797441625913,
    "57": 0.033286940243124036,
    "58": 0.012063019310796001,
    "59": 0.0011363713843503477,
    "60": 0.003234287786227913,
    "61": 0.0015209893913612348,
    "62": 0.04298980360180778,
    "63": 0.053374489791101716,
    "64": 0.10099719211372246,
    "65": 0.09613701911603943,
    "66": 0.015542064010576296,
    "67": 0.09556009210552309,
    "68": 0.011083991656586469,
    "69": 0.09559505737888772,
    "70": 0.1466093912178772,
    "71": 0.04040237337282544,
    "72": 0.1604206741969045,
    "73": 0.11050774646890074,
    "74": 0.10652170530533336,
    "75": 1.1935570889381937,
    "76": 0.2714528997662746,
    "77": 0.23811351161310365,
    "78": 0.7121027573439749,
    "79": 8.68635293142733,
    "80": 31.078988125967992,
    "81": 10.076659613588275,
    "83": 0.00660843666591433,
    "84": 0.0010839234743034087,
    "85": 0
  },
  "safari": {
    "4": 0,
    "5": 0,
    "6": 0,
    "7": 0,
    "8": 0.0011014061109857218,
    "9": 0.000419583280375513,
    "10": 0.00952803699186061,
    "11": 0.06491303000142833,
    "12": 0.31239723487625176,
    "13": 5.5976780261264025,
    "3.1": 0,
    "3.2": 0,
    "5.1": 0,
    "6.1": 0,
    "7.1": 0,
    "9.1": 0.020262375914800818,
    "10.1": 0.11632946448411101,
    "11.1": 0.4859473692215734,
    "12.1": 1.3635582480370059,
    "13.1": 1.713508186506866,
    "TP": 0
  },
  "opera": {
    "9": 0,
    "11": 0,
    "12": 0,
    "15": 0,
    "16": 0,
    "17": 0,
    "18": 0,
    "19": 0,
    "20": 0,
    "21": 0,
    "22": 0,
    "23": 0,
    "24": 0,
    "25": 0,
    "26": 0,
    "27": 0,
    "28": 0,
    "29": 0,
    "30": 0,
    "31": 0,
    "32": 0,
    "33": 0,
    "34": 0,
    "35": 0,
    "36": 0,
    "37": 0,
    "38": 0,
    "39": 0,
    "40": 0,
    "41": 0,
    "42": 0,
    "43": 0,
    "44": 0,
    "45": 0,
    "46": 0,
    "47": 0,
    "48": 0,
    "49": 0,
    "50": 0,
    "51": 0.00005244791004693913,
    "52": 0,
    "53": 0,
    "54": 0,
    "55": 0,
    "56": 0,
    "57": 0,
    "58": 0,
    "60": 0.00005244791004693913,
    "62": 0,
    "63": 0,
    "64": 0.00017482636682313043,
    "65": 0.0004545485537401391,
    "66": 0.04965068817776904,
    "67": 0.04618912611467106,
    "68": 0.00545458264488167,
    "9.5-9.6": 0.00005244791004693913,
    "10.0-10.1": 0,
    "10.5": 0,
    "10.6": 0.00005244791004693913,
    "11.1": 0,
    "11.5": 0,
    "11.6": 0,
    "12.1": 0.00017482636682313043
  },
  "ios_saf": {
    "8": 0,
    "3.2": 0,
    "4.0-4.1": 0,
    "4.2-4.3": 0,
    "5.0-5.1": 0,
    "6.0-6.1": 0,
    "7.0-7.1": 0.0026049128656646437,
    "8.1-8.4": 0.0017832289415959305,
    "9.0-9.2": 0.009056005801438156,
    "9.3": 0.0253323405526716,
    "10.0-10.2": 0.00970286335868374,
    "10.3": 0.06346197115679635,
    "11.0-11.2": 0.0876579403251176,
    "11.3-11.4": 0.18486140027877812,
    "12.0-12.1": 0.2038650263524524,
    "12.2-12.4": 1.2149383536006626,
    "13.0-13.1": 0.5710528445910732,
    "13.2": 0.2513303849449323,
    "13.3": 13.196051511540027,
    "13.4": 0.7049523589409089
  },
  "op_mini": {
    "all": 0.004090936983661252
  },
  "android": {
    "3": 0,
    "4": 0.00010489582009387825,
    "81": 0.1301582300998206,
    "2.1": 0.00005244791004693913,
    "2.2": 0,
    "2.3": 0,
    "4.1": 0,
    "4.2-4.3": 0.00005244791004693913,
    "4.4": 0,
    "4.4.3-4.4.4": 0
  },
  "bb": {
    "7": 0,
    "10": 0
  },
  "op_mob": {
    "10": 0.001643367848137426,
    "11": 0.001643367848137426,
    "12": 0.001643367848137426,
    "46": 0.001643367848137426,
    "11.1": 0.001643367848137426,
    "11.5": 0.001643367848137426,
    "12.1": 0.001643367848137426
  },
  "and_chr": {
    "81": 6.025443180469237
  },
  "and_ff": {
    "68": 0.07367183097926717
  },
  "ie_mob": {
    "10": 0,
    "11": 0
  },
  "and_uc": {
    "12.12": 0.021153990385598783
  },
  "samsung": {
    "4": 0.0012762324778088521,
    "5.0-5.4": 0.0024825344088884524,
    "6.2-6.4": 0.0028671524158993393,
    "7.2-7.4": 0.00038461800701088697,
    "8.2": 0.0038636627067911824,
    "9.2": 0.005664374285069426,
    "10.1": 0.013863730889074243,
    "11.1": 0.3639884957257576
  },
  "and_qq": {
    "1.2": 0
  },
  "baidu": {
    "7.12": 0
  },
  "kaios": {
    "2.5": 0
  }
}