{
  "ie": {
    "6": 0,
    "7": 0.0029995114545718366,
    "8": 0.00022496335909288776,
    "9": 0,
    "10": 0.00007498778636429592,
    "11": 0.08893551462805495,
    "5.5": 0
  },
  "edge": {
    "12": 0,
    "13": 0,
    "14": 0.00041243282500362755,
    "15": 0.0003374450386393316,
    "16": 0.00014997557272859185,
    "17": 0.007986199247797516,
    "18": 0.0032994626000290204,
    "79": 0.00007498778636429592,
    "80": 0.00022496335909288776,
    "81": 0.00014997557272859185,
    "83": 0,
    "84": 0.0008248656500072551,
    "85": 0.002137151911382434,
    "86": 0.0003374450386393316,
    "87": 0.001799706872743102,
    "88": 0.0031869809204825763,
    "89": 0.007311309170518852,
    "90": 0.0016497313000145102,
    "91": 0.0013497801545573264,
    "92": 0.009223497722808397,
    "93": 0.00022496335909288776,
    "94": 0.004836712220497087,
    "95": 0.002774548095478949,
    "96": 0.010610771770547872,
    "97": 0.007836223675068924,
    "98": 0.016084880175141474,
    "99": 0.02995762065253622
  },
  "firefox": {
    "2": 0,
    "3": 0,
    "4": 0.00007498778636429592,
    "5": 0,
    "6": 0,
    "7": 0,
    "8": 0,
    "9": 0,
    "10": 0,
    "11": 0,
    "12": 0,
    "13": 0,
    "14": 0,
    "15": 0,
    "16": 0,
    "17": 0.0003374450386393316,
    "18": 0,
    "19": 0,
    "20": 0,
    "21": 0.00014997557272859185,
    "22": 0,
    "23": 0,
    "24": 0.00014997557272859185,
    "25": 0,
    "26": 0,
    "27": 0,
    "28": 0,
    "29": 0,
    "30": 0,
    "31": 0.00007498778636429592,
    "32": 0,
    "33": 0,
    "34": 0,
    "35": 0,
    "36": 0,
    "37": 0,
    "38": 0,
    "39": 0,
    "40": 0.0002624572522750357,
    "41": 0,
    "42": 0,
    "43": 0.00007498778636429592,
    "44": 0.00014997557272859185,
    "45": 0.00014997557272859185,
    "46": 0.00014997557272859185,
    "47": 0.0020621641250181378,
    "48": 0.0013122862613751784,
    "49": 0.0008248656500072551,
    "50": 0,
    "51": 0,
    "52": 0.00022496335909288776,
    "53": 0.0002624572522750357,
    "54": 0,
    "55": 0.00007498778636429592,
    "56": 0.0003374450386393316,
    "57": 0.00007498778636429592,
    "58": 0.0016497313000145102,
    "59": 0,
    "60": 0,
    "61": 0,
    "62": 0,
    "63": 0.003449438172757612,
    "64": 0.0005624083977322194,
    "65": 0.00007498778636429592,
    "66": 0.0003374450386393316,
    "67": 0,
    "68": 0.002812041988661097,
    "69": 0,
    "70": 0,
    "71": 0,
    "72": 0.0011623106886465868,
    "73": 0.00007498778636429592,
    "74": 0.0014622618341037703,
    "75": 0.00048742061136792343,
    "76": 0.0005624083977322194,
    "77": 0.00041243282500362755,
    "78": 0.02114655575473145,
    "79": 0.0003374450386393316,
    "80": 0.0005624083977322194,
    "81": 0,
    "82": 0,
    "83": 0.00014997557272859185,
    "84": 0.00007498778636429592,
    "85": 0.0003374450386393316,
    "86": 0.0020621641250181378,
    "87": 0.0006748900772786632,
    "88": 0.001799706872743102,
    "89": 0.00014997557272859185,
    "90": 0.00048742061136792343,
    "91": 0.15953651549003955,
    "92": 0.0039743526773076835,
    "93": 0.0015747435136502141,
    "94": 0.0013872740477394745,
    "95": 0.0020621641250181378,
    "96": 0.0020246702318359898,
    "97": 0.005586590084140046,
    "98": 0.006448949627329449,
    "99": 0.018334513766070353,
    "100": 0.07757486499386412,
    "3.5": 0,
    "3.6": 0
  },
  "chrome": {
    "4": 0,
    "5": 0,
    "6": 0,
    "7": 0,
    "8": 0,
    "9": 0,
    "10": 0,
    "11": 0,
    "12": 0,
    "13": 0,
    "14": 0,
    "15": 0,
    "16": 0,
    "17": 0,
    "18": 0,
    "19": 0,
    "20": 0,
    "21": 0,
    "22": 0,
    "23": 0,
    "24": 0.00014997557272859185,
    "25": 0,
    "26": 0,
    "27": 0.00007498778636429592,
    "28": 0,
    "29": 0,
    "30": 0,
    "31": 0,
    "32": 0,
    "33": 0,
    "34": 0.00014997557272859185,
    "35": 0.00007498778636429592,
    "36": 0,
    "37": 0.0002624572522750357,
    "38": 0.0007498778636429592,
    "39": 0.00007498778636429592,
    "40": 0.00007498778636429592,
    "41": 0.0008248656500072551,
    "42": 0,
    "43": 0.00007498778636429592,
    "44": 0,
    "45": 0.00014997557272859185,
    "46": 0,
    "47": 0.00007498778636429592,
    "48": 0.0005624083977322194,
    "49": 0.0031494870273004283,
    "50": 0.00014997557272859185,
    "51": 0.0007498778636429592,
    "52": 0,
    "53": 0.0005624083977322194,
    "54": 0.00007498778636429592,
    "55": 0.00041243282500362755,
    "56": 0.00014997557272859185,
    "57": 0.0005624083977322194,
    "58": 0.0032619687068468723,
    "59": 0,
    "60": 0.0009748412227358469,
    "61": 0.0002999511454571837,
    "62": 0.008398632072801143,
    "63": 0.00048742061136792343,
    "64": 0.00007498778636429592,
    "65": 0.0009748412227358469,
    "66": 0.00014997557272859185,
    "67": 0.00048742061136792343,
    "68": 0,
    "69": 0.0006748900772786632,
    "70": 0.018259525979706055,
    "71": 0.013422813759208967,
    "72": 0.005286638938682862,
    "73": 0.0031869809204825763,
    "74": 0.00348693206593976,
    "75": 0.007086345811425964,
    "76": 0.049379457320888866,
    "77": 0.0032994626000290204,
    "78": 0.005211651152318566,
    "79": 0.03974352677307683,
    "80": 0.03179482141846147,
    "81": 0.024033585529756842,
    "83": 0.013610283225119708,
    "84": 0.025083414538856985,
    "85": 0.02388360995702825,
    "86": 0.04649242754586347,
    "87": 0.07345053674382784,
    "88": 0.025833292402499944,
    "89": 0.016047386281959324,
    "90": 0.31532364166186433,
    "91": 0.05627833366640408,
    "92": 0.05961529015961525,
    "93": 0.0963218115849381,
    "94": 0.039143624482162465,
    "95": 0.03153236416618643,
    "96": 0.29556435995487235,
    "97": 0.19868013997220202,
    "98": 0.27400537137513725,
    "99": 1.225225441406231,
    "100": 0.8856057569623347,
    "101": 1.6909370886216908,
    "102": 14.801876644341553
  },
  "safari": {
    "4": 0,
    "5": 0,
    "6": 0,
    "7": 0,
    "8": 0,
    "9": 0,
    "10": 0.0005624083977322194,
    "11": 0.0006748900772786632,
    "12": 0.005624083977322194,
    "13": 0.05012933518453182,
    "14": 0.44051575099705637,
    "15": 0.16493563610826886,
    "3.1": 0,
    "3.2": 0,
    "5.1": 0,
    "6.1": 0,
    "7.1": 0,
    "9.1": 0.00014997557272859185,
    "10.1": 0.001724719086378806,
    "11.1": 0.01559745956377355,
    "12.1": 0.11518123985555853,
    "13.1": 0.28030434542973814,
    "14.1": 1.1996921001491883,
    "15.1": 0.27959196145927734,
    "15.2-15.3": 0,
    "15.4": 1.1668849436148088,
    "TP": 0
  },
  "opera": {
    "9": 0,
    "11": 0,
    "12": 0,
    "15": 0,
    "16": 0,
    "17": 0,
    "18": 0,
    "19": 0,
    "20": 0,
    "21": 0,
    "22": 0,
    "23": 0,
    "24": 0,
    "25": 0,
    "26": 0,
    "27": 0,
    "28": 0,
    "29": 0,
    "30": 0,
    "31": 0,
    "32": 0,
    "33": 0,
    "34": 0,
    "35": 0,
    "36": 0,
    "37": 0,
    "38": 0,
    "39": 0,
    "40": 0,
    "41": 0,
    "42": 0,
    "43": 0,
    "44": 0,
    "45": 0,
    "46": 0,
    "47": 0,
    "48": 0,
    "49": 0,
    "50": 0,
    "51": 0,
    "52": 0,
    "53": 0,
    "54": 0,
    "55": 0,
    "56": 0,
    "57": 0,
    "58": 0,
    "60": 0,
    "62": 0,
    "63": 0,
    "64": 0,
    "65": 0,
    "66": 0,
    "67": 0,
    "68": 0,
    "69": 0,
    "70": 0,
    "71": 0,
    "72": 0,
    "73": 0,
    "74": 0.00007498778636429592,
    "75": 0,
    "76": 0,
    "77": 0,
    "78": 0,
    "79": 0.00007498778636429592,
    "80": 0,
    "81": 0,
    "82": 0.00041243282500362755,
    "83": 0.00048742061136792343,
    "9.5-9.6": 0,
    "10.0-10.1": 0,
    "10.5": 0,
    "10.6": 0,
    "11.1": 0,
    "11.5": 0,
    "11.6": 0,
    "12.1": 0.0041243282500362756
  },
  "ios_saf": {
    "8": 0.0002999511454571837,
    "3.2": 0,
    "4.0-4.1": 0,
    "4.2-4.3": 0,
    "5.0-5.1": 0,
    "6.0-6.1": 0.00022496335909288776,
    "7.0-7.1": 0.00022496335909288776,
    "8.1-8.4": 0.00022496335909288776,
    "9.0-9.2": 0.0018746946591073977,
    "9.3": 0.012860405361476748,