{
  "ie": {
    "6": 0,
    "7": 0.004332669511786313,
    "8": 0,
    "9": 0.0003350002199834778,
    "10": 0,
    "11": 0.4931426571636782,
    "5.5": 0
  },
  "edge": {
    "12": 0,
    "13": 0,
    "14": 0.008375005499586944,
    "15": 0.0012953341839361142,
    "16": 0.0029480019358546048,
    "17": 0.032227021162410566,
    "18": 0.03745302459415282,
    "79": 0,
    "80": 0.003975335943803937,
    "81": 0.00026800017598678223,
    "83": 0.00026800017598678223,
    "84": 0.019988346459014174,
    "85": 0.0008933339199559407,
    "86": 0.00026800017598678223,
    "87": 0.0014963343159262008,
    "88": 0.007481671579631003,
    "89": 0.02293634839486878,
    "90": 0.02342768205084455,
    "91": 0.7832081809733722,
    "92": 4.3991335554310345,
    "93": 2.737979131272963,
    "94": 2.2215651254944326
  },
  "firefox": {
    "2": 0,
    "3": 0.00006700004399669556,
    "4": 0,
    "5": 0,
    "6": 0,
    "7": 0,
    "8": 0,
    "9": 0,
    "10": 0,
    "11": 0,
    "12": 0,
    "13": 0,
    "14": 0,
    "15": 0,
    "16": 0,
    "17": 0.00006700004399669556,
    "18": 0,
    "19": 0,
    "20": 0,
    "21": 0,
    "22": 0,
    "23": 0,
    "24": 0.00006700004399669556,
    "25": 0,
    "26": 0.00006700004399669556,
    "27": 0,
    "28": 0.00006700004399669556,
    "29": 0,
    "30": 0,
    "31": 0,
    "32": 0,
    "33": 0,
    "34": 0.00006700004399669556,
    "35": 0.001161334095942723,
    "36": 0,
    "37": 0.00241200158388104,
    "38": 0.00006700004399669556,
    "39": 0.00026800017598678223,
    "40": 0,
    "41": 0,
    "42": 0,
    "43": 0.0003350002199834778,
    "44": 0,
    "45": 0.00026800017598678223,
    "46": 0.00013400008799339112,
    "47": 0.00026800017598678223,
    "48": 0.0007370004839636512,
    "49": 0,
    "50": 0.00013400008799339112,
    "51": 0.00006700004399669556,
    "52": 0.0010943340519460275,
    "53": 0.0003350002199834778,
    "54": 0,
    "55": 0.00013400008799339112,
    "56": 0.0042433361197907185,
    "57": 0.00020100013199008667,
    "58": 0.0015856677079217948,
    "59": 0.00026800017598678223,
    "60": 0.00006700004399669556,
    "61": 0.00040200026398017335,
    "62": 0.00006700004399669556,
    "63": 0.008040005279603466,
    "64": 0.00013400008799339112,
    "65": 0,
    "66": 0.0003350002199834778,
    "67": 0.00013400008799339112,
    "68": 0.0009603339639526363,
    "69": 0.00013400008799339112,
    "70": 0.00013400008799339112,
    "71": 0,
    "72": 0.0006923337879658541,
    "73": 0.00013400008799339112,
    "74": 0.00013400008799339112,
    "75": 0.00013400008799339112,
    "76": 0.0009603339639526363,
    "77": 0.0019206679279052726,
    "78": 0.17775111672323332,
    "79": 0.0006253337439691586,
    "80": 0.0012283341399394185,
    "81": 0.0003350002199834778,
    "82": 0.014762343027271922,
    "83": 0.0029480019358546048,
    "84": 0.0017643344919129832,
    "85": 0.0017866678399118814,
    "86": 0.007213671403644221,
    "87": 0.008509005587580337,
    "88": 0.0165936775631816,
    "89": 0.0919687270594641,
    "90": 0.4766159796444933,
    "91": 0.7704558392660011,
    "92": 0.9724609719160383,
    "93": 0.1692197777876541,
    "94": 0.00006700004399669556,
    "95": 0,
    "3.5": 0,
    "3.6": 0
  },
  "chrome": {
    "4": 0.00006700004399669556,
    "5": 0,
    "6": 0,
    "7": 0,
    "8": 0,
    "9": 0,
    "10": 0,
    "11": 0,
    "12": 0,
    "13": 0,
    "14": 0,
    "15": 0,
    "16": 0,
    "17": 0,
    "18": 0,
    "19": 0,
    "20": 0,
    "21": 0,
    "22": 0,
    "23": 0,
    "24": 0,
    "25": 0,
    "26": 0,
    "27": 0,
    "28": 0,
    "29": 0.00006700004399669556,
    "30": 0,
    "31": 0.00006700004399669556,
    "32": 0.00013400008799339112,
    "33": 0,
    "34": 0.00040200026398017335,
    "35": 0,
    "36": 0.00006700004399669556,
    "37": 0.001161334095942723,
    "38": 0.00013400008799339112,
    "39": 0.000558333699972463,
    "40": 0,
    "41": 0.00026800017598678223,
    "42": 0,
    "43": 0.00026800017598678223,
    "44": 0,
    "45": 0,
    "46": 0.00013400008799339112,
    "47": 0.00006700004399669556,
    "48": 0,
    "49": 0.006677671051670657,
    "50": 0,
    "51": 0,
    "52": 0.0004690003079768689,
    "53": 0.002054668015898664,
    "54": 0.00013400008799339112,
    "55": 0.00006700004399669556,
    "56": 0.00040200026398017335,
    "57": 0.00006700004399669556,
    "58": 0.0012283341399394185,
    "59": 0.00020100013199008667,
    "60": 0.00026800017598678223,
    "61": 0.0009603339639526363,
    "62": 0.0026800017598678223,
    "63": 0.006923337879658541,
    "64": 0.08366072160387385,
    "65": 0.02367334887883243,
    "66": 0.0006700004399669556,
    "67": 0.017866678399118815,
    "68": 0.0019206679279052726,
    "69": 0.0017643344919129832,
    "70": 0.1724357798994955,
    "71": 0.010228673383495522,
    "72": 0.0935767281153848,
    "73": 0.018916345755067045,
    "74": 0.018760012319074756,
    "75": 0.01328834205934462,
    "76": 0.07289604786840477,
    "77": 0.008576005631577031,
    "78": 0.01826867866309899,
    "79": 0.21044713819362076,
    "80": 0.11072873937853886,
    "81": 0.016526677519184903,
    "83": 0.0678487112206537,
    "84": 0.03693935759017815,
    "85": 0.08864105820762823,
    "86": 0.08779239098367009,
    "87": 0.23563915473637825,
    "88": 0.20403746731793687,
    "89": 0.26438217361096067,
    "90": 0.49859199407540944,
    "91": 5.497643943452856,
    "92": 20.543486490222797,
    "93": 13.119300948340957,
    "94": 8.950401877430567,
    "95": 0.004935669907756572,
    "96": 0.0004690003079768689,
    "97": 0
  },
  "safari": {
    "4": 0,
    "5": 0,
    "6": 0,
    "7": 0.00013400008799339112,
    "8": 0.0009603339639526363,
    "9": 0,
    "10": 0.0008040005279603467,
    "11": 0.021484680774940375,
    "12": 0.023494682094841242,
    "13": 0.11122007303451462,
    "14": 1.5894420437336088,
    "15": 0.6549924301116958,
    "3.1": 0,
    "3.2": 0,
    "5.1": 0,
    "6.1": 0,
    "7.1": 0,
    "9.1": 0.009268339419542885,
    "10.1": 0.02878768557058019,
    "11.1": 0.08343738812388488,
    "12.1": 0.3337048857995417,
    "13.1": 0.9456162876213622,
    "14.1": 5.73176443052531,
    "TP": 0
  },
  "opera": {
    "9": 0,
    "11": 0,
    "12": 0,
    "15": 0,
    "16": 0,
    "17": 0,
    "18": 0,
    "19": 0,
    "20": 0,
    "21": 0,
    "22": 0,
    "23": 0,
    "24": 0,
    "25": 0,
    "26": 0,
    "27": 0,
    "28": 0.00006700004399669556,
    "29": 0,
    "30": 0,
    "31": 0,
    "32": 0,
    "33": 0,
    "34": 0,
    "35": 0,
    "36": 0,
    "37": 0,
    "38": 0,
    "39": 0,
    "40": 0,
    "41": 0,
    "42": 0,
    "43": 0,
    "44": 0,
    "45": 0,
    "46": 0,
    "47": 0.00006700004399669556,
    "48": 0,
    "49": 0,
    "50": 0,
    "51": 0,
    "52": 0,
    "53": 0,
    "54": 0,
    "55": 0,
    "56": 0,
    "57": 0,
    "58": 0,
    "60": 0,
    "62": 0,
    "63": 0,
    "64": 0.00006700004399669556,
    "65": 0,
    "66": 0,
    "67": 0.00006700004399669556,
    "68": 0,
    "69": 0,
    "70": 0,
    "71": 0,
    "72": 0,
    "73": 0,
    "74": 0,
    "75": 0.014025342543308271,
    "76": 0.00013400008799339112,
    "77": 0.0860057231437582,
    "78": 0.059540705765063456,
    "79": 0.05221536762142474,
    "80": 0,
    "9.5-9.6": 0,
    "10.0-10.1": 0,
    "10.5": 0,
    "10.6": 0,
    "11.1": 0,
    "11.5": 0,
    "11.6": 0,
    "12.1": 0.0004690003079768689
  },
  "ios_saf": {
    "8": 0.00006700004399669556,
    "15": 1.1240820714805602,
    "3.2": 0,
    "4.0-4.1": 0,
    "4.2-4.3": 0,
    "5.0-5.1": 0,
    "6.0-6.1": 0,
    "7.0-7.1": 0.00013400008799339112,
    "8.1-8.4": 0,
    "9.0-9.2": 0.0028140018478612135,
    "9.3": 0.004355002859785212,
    "10.0-10.2": 0.0022556681478887505,
    "10.3": 0.0181123452271067,
    "11.0-11.2": 0.004511336295777501,
    "11.3-11.4": 0.011055007259454767,
    "12.0-12.1": 0.018179345271103393,
    "12.2-12.5": 0.1390250912931433,
    "13.0-13.1": 0.039798026134037164,
    "13.2": 0.007325338143638714,
    "13.3": 0.06219837417693238,